"","id","work_year","experience_level","job_title","salary","salary_currency","salary_in_usd","employee_residence","remote_ratio","company_location","company_size","employment_type"
"1",0,2020,"3","Data Scientist",70000,"EUR",79833,"DE",0,"DE","L","FT"
"2",1,2020,"4","Machine Learning Scientist",260000,"USD",260000,"JP",0,"JP","S","FT"
"3",2,2020,"4","Big Data Engineer",85000,"GBP",109024,"GB",50,"GB","M","FT"
"4",3,2020,"3","Product Data Analyst",20000,"USD",20000,"HN",0,"HN","S","FT"
"5",4,2020,"4","Machine Learning Engineer",150000,"USD",150000,"US",50,"US","L","FT"
"6",5,2020,"1","Data Analyst",72000,"USD",72000,"US",100,"US","L","FT"
"7",6,2020,"4","Lead Data Scientist",190000,"USD",190000,"US",100,"US","S","FT"
"8",7,2020,"3","Data Scientist",11000000,"HUF",35735,"HU",50,"HU","L","FT"
"9",8,2020,"3","Business Data Analyst",135000,"USD",135000,"US",100,"US","L","FT"
"10",9,2020,"4","Lead Data Engineer",125000,"USD",125000,"NZ",50,"NZ","S","FT"
"11",10,2020,"1","Data Scientist",45000,"EUR",51321,"FR",0,"FR","S","FT"
"12",11,2020,"3","Data Scientist",3000000,"INR",40481,"IN",0,"IN","L","FT"
"13",12,2020,"1","Data Scientist",35000,"EUR",39916,"FR",0,"FR","M","FT"
"14",13,2020,"3","Lead Data Analyst",87000,"USD",87000,"US",100,"US","L","FT"
"15",14,2020,"3","Data Analyst",85000,"USD",85000,"US",100,"US","L","FT"
"16",15,2020,"3","Data Analyst",8000,"USD",8000,"PK",50,"PK","L","FT"
"17",16,2020,"1","Data Engineer",4450000,"JPY",41689,"JP",100,"JP","S","FT"
"18",17,2020,"4","Big Data Engineer",100000,"EUR",114047,"PL",100,"GB","S","FT"
"19",18,2020,"1","Data Science Consultant",423000,"INR",5707,"IN",50,"IN","M","FT"
"20",19,2020,"3","Lead Data Engineer",56000,"USD",56000,"PT",100,"US","M","FT"
"21",20,2020,"3","Machine Learning Engineer",299000,"CNY",43331,"CN",0,"CN","M","FT"
"22",21,2020,"3","Product Data Analyst",450000,"INR",6072,"IN",100,"IN","L","FT"
"23",22,2020,"4","Data Engineer",42000,"EUR",47899,"GR",50,"GR","L","FT"
"24",23,2020,"3","BI Data Analyst",98000,"USD",98000,"US",0,"US","M","FT"
"25",24,2020,"3","Lead Data Scientist",115000,"USD",115000,"AE",0,"AE","L","FT"
"26",25,2020,"2","Director of Data Science",325000,"USD",325000,"US",100,"US","L","FT"
"27",26,2020,"1","Research Scientist",42000,"USD",42000,"NL",50,"NL","L","FT"
"28",27,2020,"4","Data Engineer",720000,"MXN",33511,"MX",0,"MX","S","FT"
"29",28,2020,"1","Business Data Analyst",100000,"USD",100000,"US",100,"US","L","CT"
"30",29,2020,"4","Machine Learning Manager",157000,"CAD",117104,"CA",50,"CA","L","FT"
"31",30,2020,"3","Data Engineering Manager",51999,"EUR",59303,"DE",100,"DE","S","FT"
"32",31,2020,"1","Big Data Engineer",70000,"USD",70000,"US",100,"US","L","FT"
"33",32,2020,"4","Data Scientist",60000,"EUR",68428,"GR",100,"US","L","FT"
"34",33,2020,"3","Research Scientist",450000,"USD",450000,"US",0,"US","M","FT"
"35",34,2020,"3","Data Analyst",41000,"EUR",46759,"FR",50,"FR","L","FT"
"36",35,2020,"3","Data Engineer",65000,"EUR",74130,"AT",50,"AT","L","FT"
"37",36,2020,"3","Data Science Consultant",103000,"USD",103000,"US",100,"US","L","FT"
"38",37,2020,"1","Machine Learning Engineer",250000,"USD",250000,"US",50,"US","L","FT"
"39",38,2020,"1","Data Analyst",10000,"USD",10000,"NG",100,"NG","S","FT"
"40",39,2020,"1","Machine Learning Engineer",138000,"USD",138000,"US",100,"US","S","FT"
"41",40,2020,"3","Data Scientist",45760,"USD",45760,"PH",100,"US","S","FT"
"42",41,2020,"2","Data Engineering Manager",70000,"EUR",79833,"ES",50,"ES","L","FT"
"43",42,2020,"3","Machine Learning Infrastructure Engineer",44000,"EUR",50180,"PT",0,"PT","M","FT"
"44",43,2020,"3","Data Engineer",106000,"USD",106000,"US",100,"US","L","FT"
"45",44,2020,"3","Data Engineer",88000,"GBP",112872,"GB",50,"GB","L","FT"
"46",45,2020,"1","ML Engineer",14000,"EUR",15966,"DE",100,"DE","S","PT"
"47",46,2020,"3","Data Scientist",60000,"GBP",76958,"GB",100,"GB","S","FT"
"48",47,2020,"4","Data Engineer",188000,"USD",188000,"US",100,"US","L","FT"
"49",48,2020,"3","Data Scientist",105000,"USD",105000,"US",100,"US","L","FT"
"50",49,2020,"3","Data Engineer",61500,"EUR",70139,"FR",50,"FR","L","FT"
"51",50,2020,"1","Data Analyst",450000,"INR",6072,"IN",0,"IN","S","FT"
"52",51,2020,"1","Data Analyst",91000,"USD",91000,"US",100,"US","L","FT"
"53",52,2020,"1","AI Scientist",300000,"DKK",45896,"DK",50,"DK","S","FT"
"54",53,2020,"1","Data Engineer",48000,"EUR",54742,"PK",100,"DE","L","FT"
"55",54,2020,"4","Computer Vision Engineer",60000,"USD",60000,"RU",100,"US","S","FL"
"56",55,2020,"4","Principal Data Scientist",130000,"EUR",148261,"DE",100,"DE","M","FT"
"57",56,2020,"3","Data Scientist",34000,"EUR",38776,"ES",100,"ES","M","FT"
"58",57,2020,"3","Data Scientist",118000,"USD",118000,"US",100,"US","M","FT"
"59",58,2020,"4","Data Scientist",120000,"USD",120000,"US",50,"US","L","FT"
"60",59,2020,"3","Data Scientist",138350,"USD",138350,"US",100,"US","M","FT"
"61",60,2020,"3","Data Engineer",110000,"USD",110000,"US",100,"US","L","FT"
"62",61,2020,"3","Data Engineer",130800,"USD",130800,"ES",100,"US","M","FT"
"63",62,2020,"1","Data Scientist",19000,"EUR",21669,"IT",50,"IT","S","PT"
"64",63,2020,"4","Data Scientist",412000,"USD",412000,"US",100,"US","L","FT"
"65",64,2020,"4","Machine Learning Engineer",40000,"EUR",45618,"HR",100,"HR","S","FT"
"66",65,2020,"1","Data Scientist",55000,"EUR",62726,"DE",50,"DE","S","FT"
"67",66,2020,"1","Data Scientist",43200,"EUR",49268,"DE",0,"DE","S","FT"
"68",67,2020,"4","Data Science Manager",190200,"USD",190200,"US",100,"US","M","FT"
"69",68,2020,"1","Data Scientist",105000,"USD",105000,"US",100,"US","S","FT"
"70",69,2020,"4","Data Scientist",80000,"EUR",91237,"AT",0,"AT","S","FT"
"71",70,2020,"3","Data Scientist",55000,"EUR",62726,"FR",50,"LU","S","FT"
"72",71,2020,"3","Data Scientist",37000,"EUR",42197,"FR",50,"FR","S","FT"
"73",72,2021,"1","Research Scientist",60000,"GBP",82528,"GB",50,"GB","L","FT"
"74",73,2021,"2","BI Data Analyst",150000,"USD",150000,"IN",100,"US","L","FT"
"75",74,2021,"2","Head of Data",235000,"USD",235000,"US",100,"US","L","FT"
"76",75,2021,"4","Data Scientist",45000,"EUR",53192,"FR",50,"FR","L","FT"
"77",76,2021,"3","BI Data Analyst",100000,"USD",100000,"US",100,"US","M","FT"
"78",77,2021,"3","3D Computer Vision Researcher",400000,"INR",5409,"IN",50,"IN","M","PT"
"79",78,2021,"3","ML Engineer",270000,"USD",270000,"US",100,"US","L","CT"
"80",79,2021,"1","Data Analyst",80000,"USD",80000,"US",100,"US","M","FT"
"81",80,2021,"4","Data Analytics Engineer",67000,"EUR",79197,"DE",100,"DE","L","FT"
"82",81,2021,"3","Data Engineer",140000,"USD",140000,"US",100,"US","L","FT"
"83",82,2021,"3","Applied Data Scientist",68000,"CAD",54238,"GB",50,"CA","L","FT"
"84",83,2021,"3","Machine Learning Engineer",40000,"EUR",47282,"ES",100,"ES","S","FT"
"85",84,2021,"2","Director of Data Science",130000,"EUR",153667,"IT",100,"PL","L","FT"
"86",85,2021,"3","Data Engineer",110000,"PLN",28476,"PL",100,"PL","L","FT"
"87",86,2021,"1","Data Analyst",50000,"EUR",59102,"FR",50,"FR","M","FT"
"88",87,2021,"3","Data Analytics Engineer",110000,"USD",110000,"US",100,"US","L","FT"
"89",88,2021,"4","Lead Data Analyst",170000,"USD",170000,"US",100,"US","L","FT"
"90",89,2021,"4","Data Analyst",80000,"USD",80000,"BG",100,"US","S","FT"
"91",90,2021,"4","Marketing Data Analyst",75000,"EUR",88654,"GR",100,"DK","L","FT"
"92",91,2021,"1","Data Science Consultant",65000,"EUR",76833,"DE",100,"DE","S","FT"
"93",92,2021,"3","Lead Data Analyst",1450000,"INR",19609,"IN",100,"IN","L","FT"
"94",93,2021,"4","Lead Data Engineer",276000,"USD",276000,"US",0,"US","L","FT"
"95",94,2021,"1","Data Scientist",2200000,"INR",29751,"IN",50,"IN","L","FT"
"96",95,2021,"3","Cloud Data Engineer",120000,"SGD",89294,"SG",50,"SG","L","FT"
"97",96,2021,"1","AI Scientist",12000,"USD",12000,"BR",100,"US","S","PT"
"98",97,2021,"3","Financial Data Analyst",450000,"USD",450000,"US",100,"US","L","FT"
"99",98,2021,"1","Computer Vision Software Engineer",70000,"USD",70000,"US",100,"US","M","FT"
"100",99,2021,"3","Computer Vision Software Engineer",81000,"EUR",95746,"DE",100,"US","S","FT"
"101",100,2021,"3","Data Analyst",75000,"USD",75000,"US",0,"US","L","FT"
"102",101,2021,"4","Data Engineer",150000,"USD",150000,"US",100,"US","L","FT"
"103",102,2021,"3","BI Data Analyst",11000000,"HUF",36259,"HU",50,"US","L","FT"
"104",103,2021,"3","Data Analyst",62000,"USD",62000,"US",0,"US","L","FT"
"105",104,2021,"3","Data Scientist",73000,"USD",73000,"US",0,"US","L","FT"
"106",105,2021,"3","Data Analyst",37456,"GBP",51519,"GB",50,"GB","L","FT"
"107",106,2021,"3","Research Scientist",235000,"CAD",187442,"CA",100,"CA","L","FT"
"108",107,2021,"4","Data Engineer",115000,"USD",115000,"US",100,"US","S","FT"
"109",108,2021,"4","Data Engineer",150000,"USD",150000,"US",100,"US","M","FT"
"110",109,2021,"1","Data Engineer",2250000,"INR",30428,"IN",100,"IN","L","FT"
"111",110,2021,"4","Machine Learning Engineer",80000,"EUR",94564,"DE",50,"DE","L","FT"
"112",111,2021,"4","Director of Data Engineering",82500,"GBP",113476,"GB",100,"GB","M","FT"
"113",112,2021,"4","Lead Data Engineer",75000,"GBP",103160,"GB",100,"GB","S","FT"
"114",113,2021,"1","AI Scientist",12000,"USD",12000,"PK",100,"US","M","PT"
"115",114,2021,"3","Data Engineer",38400,"EUR",45391,"NL",100,"NL","L","FT"
"116",115,2021,"1","Machine Learning Scientist",225000,"USD",225000,"US",100,"US","L","FT"
"117",116,2021,"3","Data Scientist",50000,"USD",50000,"NG",100,"NG","L","FT"
"118",117,2021,"3","Data Science Engineer",34000,"EUR",40189,"GR",100,"GR","M","FT"
"119",118,2021,"1","Data Analyst",90000,"USD",90000,"US",100,"US","S","FT"
"120",119,2021,"3","Data Engineer",200000,"USD",200000,"US",100,"US","L","FT"
"121",120,2021,"3","Big Data Engineer",60000,"USD",60000,"ES",50,"RO","M","FT"
"122",121,2021,"4","Principal Data Engineer",200000,"USD",200000,"US",100,"US","M","FT"
"123",122,2021,"1","Data Analyst",50000,"USD",50000,"US",100,"US","M","FT"
"124",123,2021,"1","Applied Data Scientist",80000,"GBP",110037,"GB",0,"GB","L","FT"
"125",124,2021,"1","Data Analyst",8760,"EUR",10354,"ES",50,"ES","M","PT"
"126",125,2021,"3","Principal Data Scientist",151000,"USD",151000,"US",100,"US","L","FT"
"127",126,2021,"4","Machine Learning Scientist",120000,"USD",120000,"US",50,"US","S","FT"
"128",127,2021,"3","Data Scientist",700000,"INR",9466,"IN",0,"IN","S","FT"
"129",128,2021,"1","Machine Learning Engineer",20000,"USD",20000,"IN",100,"IN","S","FT"
"130",129,2021,"4","Lead Data Scientist",3000000,"INR",40570,"IN",50,"IN","L","FT"
"131",130,2021,"1","Machine Learning Developer",100000,"USD",100000,"IQ",50,"IQ","S","FT"
"132",131,2021,"1","Data Scientist",42000,"EUR",49646,"FR",50,"FR","M","FT"
"133",132,2021,"3","Applied Machine Learning Scientist",38400,"USD",38400,"VN",100,"US","M","FT"
"134",133,2021,"4","Computer Vision Engineer",24000,"USD",24000,"BR",100,"BR","M","FT"
"135",134,2021,"1","Data Scientist",100000,"USD",100000,"US",0,"US","S","FT"
"136",135,2021,"3","Data Analyst",90000,"USD",90000,"US",100,"US","M","FT"
"137",136,2021,"3","ML Engineer",7000000,"JPY",63711,"JP",50,"JP","S","FT"
"138",137,2021,"3","ML Engineer",8500000,"JPY",77364,"JP",50,"JP","S","FT"
"139",138,2021,"4","Principal Data Scientist",220000,"USD",220000,"US",0,"US","L","FT"
"140",139,2021,"1","Data Scientist",80000,"USD",80000,"US",100,"US","M","FT"
"141",140,2021,"3","Data Analyst",135000,"USD",135000,"US",100,"US","L","FT"
"142",141,2021,"4","Data Science Manager",240000,"USD",240000,"US",0,"US","L","FT"
"143",142,2021,"4","Data Engineering Manager",150000,"USD",150000,"US",0,"US","L","FT"
"144",143,2021,"3","Data Scientist",82500,"USD",82500,"US",100,"US","S","FT"
"145",144,2021,"3","Data Engineer",100000,"USD",100000,"US",100,"US","L","FT"
"146",145,2021,"4","Machine Learning Engineer",70000,"EUR",82744,"BE",50,"BE","M","FT"
"147",146,2021,"3","Research Scientist",53000,"EUR",62649,"FR",50,"FR","M","FT"
"148",147,2021,"3","Data Engineer",90000,"USD",90000,"US",100,"US","L","FT"
"149",148,2021,"4","Data Engineering Manager",153000,"USD",153000,"US",100,"US","L","FT"
"150",149,2021,"4","Cloud Data Engineer",160000,"USD",160000,"BR",100,"US","S","FT"
"151",150,2021,"4","Director of Data Science",168000,"USD",168000,"JP",0,"JP","S","FT"
"152",151,2021,"3","Data Scientist",150000,"USD",150000,"US",100,"US","M","FT"
"153",152,2021,"3","Data Scientist",95000,"CAD",75774,"CA",100,"CA","L","FT"
"154",153,2021,"1","Data Scientist",13400,"USD",13400,"UA",100,"UA","L","FT"
"155",154,2021,"4","Data Science Manager",144000,"USD",144000,"US",100,"US","L","FT"
"156",155,2021,"4","Data Science Engineer",159500,"CAD",127221,"CA",50,"CA","L","FT"
"157",156,2021,"3","Data Scientist",160000,"SGD",119059,"SG",100,"IL","M","FT"
"158",157,2021,"3","Applied Machine Learning Scientist",423000,"USD",423000,"US",50,"US","L","FT"
"159",158,2021,"4","Data Analytics Manager",120000,"USD",120000,"US",100,"US","M","FT"
"160",159,2021,"1","Machine Learning Engineer",125000,"USD",125000,"US",100,"US","S","FT"
"161",160,2021,"2","Head of Data",230000,"USD",230000,"RU",50,"RU","L","FT"
"162",161,2021,"2","Head of Data Science",85000,"USD",85000,"RU",0,"RU","M","FT"
"163",162,2021,"3","Data Engineer",24000,"EUR",28369,"MT",50,"MT","L","FT"
"164",163,2021,"1","Data Science Consultant",54000,"EUR",63831,"DE",50,"DE","L","FT"
"165",164,2021,"2","Director of Data Science",110000,"EUR",130026,"DE",50,"DE","M","FT"
"166",165,2021,"4","Data Specialist",165000,"USD",165000,"US",100,"US","L","FT"
"167",166,2021,"1","Data Engineer",80000,"USD",80000,"US",100,"US","L","FT"
"168",167,2021,"2","Director of Data Science",250000,"USD",250000,"US",0,"US","L","FT"
"169",168,2021,"1","BI Data Analyst",55000,"USD",55000,"US",50,"US","S","FT"
"170",169,2021,"3","Data Architect",150000,"USD",150000,"US",100,"US","L","FT"
"171",170,2021,"3","Data Architect",170000,"USD",170000,"US",100,"US","L","FT"
"172",171,2021,"3","Data Engineer",60000,"GBP",82528,"GB",100,"GB","L","FT"
"173",172,2021,"1","Data Analyst",60000,"USD",60000,"US",100,"US","S","FT"
"174",173,2021,"4","Principal Data Scientist",235000,"USD",235000,"US",100,"US","L","FT"
"175",174,2021,"4","Research Scientist",51400,"EUR",60757,"PT",50,"PT","L","FT"
"176",175,2021,"4","Data Engineering Manager",174000,"USD",174000,"US",100,"US","L","FT"
"177",176,2021,"3","Data Scientist",58000,"MXN",2859,"MX",0,"MX","S","FT"
"178",177,2021,"3","Data Scientist",30400000,"CLP",40038,"CL",100,"CL","L","FT"
"179",178,2021,"1","Machine Learning Engineer",81000,"USD",81000,"US",50,"US","S","FT"
"180",179,2021,"3","Data Scientist",420000,"INR",5679,"IN",100,"US","S","FT"
"181",180,2021,"3","Big Data Engineer",1672000,"INR",22611,"IN",0,"IN","L","FT"
"182",181,2021,"3","Data Scientist",76760,"EUR",90734,"DE",50,"DE","L","FT"
"183",182,2021,"3","Data Engineer",22000,"EUR",26005,"RO",0,"US","L","FT"
"184",183,2021,"4","Finance Data Analyst",45000,"GBP",61896,"GB",50,"GB","L","FT"
"185",184,2021,"3","Machine Learning Scientist",12000,"USD",12000,"PK",50,"PK","M","FL"
"186",185,2021,"3","Data Engineer",4000,"USD",4000,"IR",100,"IR","M","FT"
"187",186,2021,"4","Data Analytics Engineer",50000,"USD",50000,"VN",100,"GB","M","FT"
"188",187,2021,"2","Data Science Consultant",59000,"EUR",69741,"FR",100,"ES","S","FT"
"189",188,2021,"4","Data Engineer",65000,"EUR",76833,"RO",50,"GB","S","FT"
"190",189,2021,"3","Machine Learning Engineer",74000,"USD",74000,"JP",50,"JP","S","FT"
"191",190,2021,"4","Data Science Manager",152000,"USD",152000,"US",100,"FR","L","FT"
"192",191,2021,"1","Machine Learning Engineer",21844,"USD",21844,"CO",50,"CO","M","FT"
"193",192,2021,"3","Big Data Engineer",18000,"USD",18000,"MD",0,"MD","S","FT"
"194",193,2021,"4","Data Science Manager",174000,"USD",174000,"US",100,"US","L","FT"
"195",194,2021,"4","Research Scientist",120500,"CAD",96113,"CA",50,"CA","L","FT"
"196",195,2021,"3","Data Scientist",147000,"USD",147000,"US",50,"US","L","FT"
"197",196,2021,"1","BI Data Analyst",9272,"USD",9272,"KE",100,"KE","S","FT"
"198",197,2021,"4","Machine Learning Engineer",1799997,"INR",24342,"IN",100,"IN","L","FT"
"199",198,2021,"4","Data Science Manager",4000000,"INR",54094,"IN",50,"US","L","FT"
"200",199,2021,"1","Data Science Consultant",90000,"USD",90000,"US",100,"US","S","FT"
"201",200,2021,"3","Data Scientist",52000,"EUR",61467,"DE",50,"AT","M","FT"
"202",201,2021,"4","Machine Learning Infrastructure Engineer",195000,"USD",195000,"US",100,"US","M","FT"
"203",202,2021,"3","Data Scientist",32000,"EUR",37825,"ES",100,"ES","L","FT"
"204",203,2021,"4","Research Scientist",50000,"USD",50000,"FR",100,"US","S","FT"
"205",204,2021,"3","Data Scientist",160000,"USD",160000,"US",100,"US","L","FT"
"206",205,2021,"3","Data Scientist",69600,"BRL",12901,"BR",0,"BR","S","FT"
"207",206,2021,"4","Machine Learning Engineer",200000,"USD",200000,"US",100,"US","L","FT"
"208",207,2021,"4","Data Engineer",165000,"USD",165000,"US",0,"US","M","FT"
"209",208,2021,"3","Data Engineer",20000,"USD",20000,"IT",0,"US","L","FL"
"210",209,2021,"4","Data Analytics Manager",120000,"USD",120000,"US",0,"US","L","FT"
"211",210,2021,"3","Machine Learning Engineer",21000,"EUR",24823,"SI",50,"SI","L","FT"
"212",211,2021,"3","Research Scientist",48000,"EUR",56738,"FR",50,"FR","S","FT"
"213",212,2021,"3","Data Engineer",48000,"GBP",66022,"HK",50,"GB","S","FT"
"214",213,2021,"1","Big Data Engineer",435000,"INR",5882,"IN",0,"CH","L","FT"
"215",214,2021,"1","Machine Learning Engineer",21000,"EUR",24823,"DE",50,"DE","M","FT"
"216",215,2021,"4","Principal Data Engineer",185000,"USD",185000,"US",100,"US","L","FT"
"217",216,2021,"1","Computer Vision Engineer",180000,"DKK",28609,"DK",50,"DK","S","PT"
"218",217,2021,"3","Data Scientist",76760,"EUR",90734,"DE",50,"DE","L","FT"
"219",218,2021,"3","Machine Learning Engineer",75000,"EUR",88654,"BE",100,"BE","M","FT"
"220",219,2021,"4","Data Analytics Manager",140000,"USD",140000,"US",100,"US","L","FT"
"221",220,2021,"3","Machine Learning Engineer",180000,"PLN",46597,"PL",100,"PL","L","FT"
"222",221,2021,"3","Data Scientist",85000,"GBP",116914,"GB",50,"GB","L","FT"
"223",222,2021,"3","Data Scientist",2500000,"INR",33808,"IN",0,"IN","M","FT"
"224",223,2021,"3","Data Scientist",40900,"GBP",56256,"GB",50,"GB","L","FT"
"225",224,2021,"4","Machine Learning Scientist",225000,"USD",225000,"US",100,"CA","L","FT"
"226",225,2021,"2","Principal Data Scientist",416000,"USD",416000,"US",100,"US","S","CT"
"227",226,2021,"4","Data Scientist",110000,"CAD",87738,"CA",100,"CA","S","FT"
"228",227,2021,"3","Data Scientist",75000,"EUR",88654,"DE",50,"DE","L","FT"
"229",228,2021,"4","Data Scientist",135000,"USD",135000,"US",0,"US","L","FT"
"230",229,2021,"4","Data Analyst",90000,"CAD",71786,"CA",100,"CA","M","FT"
"231",230,2021,"1","Big Data Engineer",1200000,"INR",16228,"IN",100,"IN","L","FT"
"232",231,2021,"4","ML Engineer",256000,"USD",256000,"US",100,"US","S","FT"
"233",232,2021,"4","Director of Data Engineering",200000,"USD",200000,"US",100,"US","L","FT"
"234",233,2021,"4","Data Analyst",200000,"USD",200000,"US",100,"US","L","FT"
"235",234,2021,"3","Data Architect",180000,"USD",180000,"US",100,"US","L","FT"
"236",235,2021,"3","Head of Data Science",110000,"USD",110000,"US",0,"US","S","FT"
"237",236,2021,"3","Research Scientist",80000,"CAD",63810,"CA",100,"CA","M","FT"
"238",237,2021,"3","Data Scientist",39600,"EUR",46809,"ES",100,"ES","M","FT"
"239",238,2021,"1","Data Scientist",4000,"USD",4000,"VN",0,"VN","M","FT"
"240",239,2021,"1","Data Engineer",1600000,"INR",21637,"IN",50,"IN","M","FT"
"241",240,2021,"4","Data Scientist",130000,"CAD",103691,"CA",100,"CA","L","FT"
"242",241,2021,"3","Data Analyst",80000,"USD",80000,"US",100,"US","L","FT"
"243",242,2021,"3","Data Engineer",110000,"USD",110000,"US",100,"US","L","FT"
"244",243,2021,"4","Data Scientist",165000,"USD",165000,"US",100,"US","L","FT"
"245",244,2021,"1","AI Scientist",1335000,"INR",18053,"IN",100,"AS","S","FT"
"246",245,2021,"3","Data Engineer",52500,"GBP",72212,"GB",50,"GB","L","FT"
"247",246,2021,"1","Data Scientist",31000,"EUR",36643,"FR",50,"FR","L","FT"
"248",247,2021,"3","Data Engineer",108000,"TRY",12103,"TR",0,"TR","M","FT"
"249",248,2021,"4","Data Engineer",70000,"GBP",96282,"GB",50,"GB","L","FT"
"250",249,2021,"4","Principal Data Analyst",170000,"USD",170000,"US",100,"US","M","FT"
"251",250,2021,"3","Data Scientist",115000,"USD",115000,"US",50,"US","L","FT"
"252",251,2021,"1","Data Scientist",90000,"USD",90000,"US",100,"US","S","FT"
"253",252,2021,"2","Principal Data Engineer",600000,"USD",600000,"US",100,"US","L","FT"
"254",253,2021,"1","Data Scientist",2100000,"INR",28399,"IN",100,"IN","M","FT"
"255",254,2021,"3","Data Analyst",93000,"USD",93000,"US",100,"US","L","FT"
"256",255,2021,"4","Big Data Architect",125000,"CAD",99703,"CA",50,"CA","M","FT"
"257",256,2021,"3","Data Engineer",200000,"USD",200000,"US",100,"US","L","FT"
"258",257,2021,"4","Principal Data Scientist",147000,"EUR",173762,"DE",100,"DE","M","FT"
"259",258,2021,"4","Machine Learning Engineer",185000,"USD",185000,"US",50,"US","L","FT"
"260",259,2021,"2","Director of Data Science",120000,"EUR",141846,"DE",0,"DE","L","FT"
"261",260,2021,"3","Data Scientist",130000,"USD",130000,"US",50,"US","L","FT"
"262",261,2021,"4","Data Analyst",54000,"EUR",63831,"DE",50,"DE","L","FT"
"263",262,2021,"3","Data Scientist",1250000,"INR",16904,"IN",100,"IN","S","FT"
"264",263,2021,"4","Machine Learning Engineer",4900000,"INR",66265,"IN",0,"IN","L","FT"
"265",264,2021,"3","Data Scientist",21600,"EUR",25532,"RS",100,"DE","S","FT"
"266",265,2021,"4","Lead Data Engineer",160000,"USD",160000,"PR",50,"US","S","FT"
"267",266,2021,"3","Data Engineer",93150,"USD",93150,"US",0,"US","M","FT"
"268",267,2021,"3","Data Engineer",111775,"USD",111775,"US",0,"US","M","FT"
"269",268,2021,"3","Data Engineer",250000,"TRY",28016,"TR",100,"TR","M","FT"
"270",269,2021,"1","Data Engineer",55000,"EUR",65013,"DE",50,"DE","M","FT"
"271",270,2021,"1","Data Engineer",72500,"USD",72500,"US",100,"US","L","FT"
"272",271,2021,"4","Computer Vision Engineer",102000,"BRL",18907,"BR",0,"BR","M","FT"
"273",272,2021,"1","Data Science Consultant",65000,"EUR",76833,"DE",0,"DE","L","FT"
"274",273,2021,"1","Machine Learning Engineer",85000,"USD",85000,"NL",100,"DE","S","FT"
"275",274,2021,"4","Data Scientist",65720,"EUR",77684,"FR",50,"FR","M","FT"
"276",275,2021,"1","Data Scientist",100000,"USD",100000,"US",100,"US","M","FT"
"277",276,2021,"1","Data Scientist",58000,"USD",58000,"US",50,"US","L","FT"
"278",277,2021,"4","AI Scientist",55000,"USD",55000,"ES",100,"ES","L","FT"
"279",278,2021,"4","Data Scientist",180000,"TRY",20171,"TR",50,"TR","L","FT"
"280",279,2021,"1","Business Data Analyst",50000,"EUR",59102,"LU",100,"LU","L","FT"
"281",280,2021,"3","Data Engineer",112000,"USD",112000,"US",100,"US","L","FT"
"282",281,2021,"1","Research Scientist",100000,"USD",100000,"JE",0,"CN","L","FT"
"283",282,2021,"3","Data Engineer",59000,"EUR",69741,"NL",100,"NL","L","PT"
"284",283,2021,"4","Staff Data Scientist",105000,"USD",105000,"US",100,"US","M","CT"
"285",284,2021,"3","Research Scientist",69999,"USD",69999,"CZ",50,"CZ","L","FT"
"286",285,2021,"4","Data Science Manager",7000000,"INR",94665,"IN",50,"IN","L","FT"
"287",286,2021,"4","Head of Data",87000,"EUR",102839,"SI",100,"SI","L","FT"
"288",287,2021,"3","Data Scientist",109000,"USD",109000,"US",50,"US","L","FT"
"289",288,2021,"3","Machine Learning Engineer",43200,"EUR",51064,"IT",50,"IT","L","FT"
"290",289,2022,"4","Data Engineer",135000,"USD",135000,"US",100,"US","M","FT"
"291",290,2022,"4","Data Analyst",155000,"USD",155000,"US",100,"US","M","FT"
"292",291,2022,"4","Data Analyst",120600,"USD",120600,"US",100,"US","M","FT"
"293",292,2022,"3","Data Scientist",130000,"USD",130000,"US",0,"US","M","FT"
"294",293,2022,"3","Data Scientist",90000,"USD",90000,"US",0,"US","M","FT"
"295",294,2022,"3","Data Engineer",170000,"USD",170000,"US",100,"US","M","FT"
"296",295,2022,"3","Data Engineer",150000,"USD",150000,"US",100,"US","M","FT"
"297",296,2022,"4","Data Analyst",102100,"USD",102100,"US",100,"US","M","FT"
"298",297,2022,"4","Data Analyst",84900,"USD",84900,"US",100,"US","M","FT"
"299",298,2022,"4","Data Scientist",136620,"USD",136620,"US",100,"US","M","FT"
"300",299,2022,"4","Data Scientist",99360,"USD",99360,"US",100,"US","M","FT"
"301",300,2022,"4","Data Scientist",90000,"GBP",117789,"GB",0,"GB","M","FT"
"302",301,2022,"4","Data Scientist",80000,"GBP",104702,"GB",0,"GB","M","FT"
"303",302,2022,"4","Data Scientist",146000,"USD",146000,"US",100,"US","M","FT"
"304",303,2022,"4","Data Scientist",123000,"USD",123000,"US",100,"US","M","FT"
"305",304,2022,"1","Data Engineer",40000,"GBP",52351,"GB",100,"GB","M","FT"
"306",305,2022,"4","Data Analyst",99000,"USD",99000,"US",0,"US","M","FT"
"307",306,2022,"4","Data Analyst",116000,"USD",116000,"US",0,"US","M","FT"
"308",307,2022,"3","Data Analyst",106260,"USD",106260,"US",0,"US","M","FT"
"309",308,2022,"3","Data Analyst",126500,"USD",126500,"US",0,"US","M","FT"
"310",309,2022,"2","Data Engineer",242000,"USD",242000,"US",100,"US","M","FT"
"311",310,2022,"2","Data Engineer",200000,"USD",200000,"US",100,"US","M","FT"
"312",311,2022,"3","Data Scientist",50000,"GBP",65438,"GB",0,"GB","M","FT"
"313",312,2022,"3","Data Scientist",30000,"GBP",39263,"GB",0,"GB","M","FT"
"314",313,2022,"3","Data Engineer",60000,"GBP",78526,"GB",0,"GB","M","FT"
"315",314,2022,"3","Data Engineer",40000,"GBP",52351,"GB",0,"GB","M","FT"
"316",315,2022,"4","Data Scientist",165220,"USD",165220,"US",100,"US","M","FT"
"317",316,2022,"1","Data Engineer",35000,"GBP",45807,"GB",100,"GB","M","FT"
"318",317,2022,"4","Data Scientist",120160,"USD",120160,"US",100,"US","M","FT"
"319",318,2022,"4","Data Analyst",90320,"USD",90320,"US",100,"US","M","FT"
"320",319,2022,"4","Data Engineer",181940,"USD",181940,"US",0,"US","M","FT"
"321",320,2022,"4","Data Engineer",132320,"USD",132320,"US",0,"US","M","FT"
"322",321,2022,"4","Data Engineer",220110,"USD",220110,"US",0,"US","M","FT"
"323",322,2022,"4","Data Engineer",160080,"USD",160080,"US",0,"US","M","FT"
"324",323,2022,"4","Data Scientist",180000,"USD",180000,"US",0,"US","L","FT"
"325",324,2022,"4","Data Scientist",120000,"USD",120000,"US",0,"US","L","FT"
"326",325,2022,"4","Data Analyst",124190,"USD",124190,"US",100,"US","M","FT"
"327",326,2022,"2","Data Analyst",130000,"USD",130000,"US",100,"US","M","FT"
"328",327,2022,"2","Data Analyst",110000,"USD",110000,"US",100,"US","M","FT"
"329",328,2022,"4","Data Analyst",170000,"USD",170000,"US",100,"US","M","FT"
"330",329,2022,"3","Data Analyst",115500,"USD",115500,"US",100,"US","M","FT"
"331",330,2022,"4","Data Analyst",112900,"USD",112900,"US",100,"US","M","FT"
"332",331,2022,"4","Data Analyst",90320,"USD",90320,"US",100,"US","M","FT"
"333",332,2022,"4","Data Analyst",112900,"USD",112900,"US",100,"US","M","FT"
"334",333,2022,"4","Data Analyst",90320,"USD",90320,"US",100,"US","M","FT"
"335",334,2022,"4","Data Engineer",165400,"USD",165400,"US",100,"US","M","FT"
"336",335,2022,"4","Data Engineer",132320,"USD",132320,"US",100,"US","M","FT"
"337",336,2022,"3","Data Analyst",167000,"USD",167000,"US",100,"US","M","FT"
"338",337,2022,"4","Data Engineer",243900,"USD",243900,"US",100,"US","M","FT"
"339",338,2022,"4","Data Analyst",136600,"USD",136600,"US",100,"US","M","FT"
"340",339,2022,"4","Data Analyst",109280,"USD",109280,"US",100,"US","M","FT"
"341",340,2022,"4","Data Engineer",128875,"USD",128875,"US",100,"US","M","FT"
"342",341,2022,"4","Data Engineer",93700,"USD",93700,"US",100,"US","M","FT"
"343",342,2022,"2","Head of Data Science",224000,"USD",224000,"US",100,"US","M","FT"
"344",343,2022,"2","Head of Data Science",167875,"USD",167875,"US",100,"US","M","FT"
"345",344,2022,"2","Analytics Engineer",175000,"USD",175000,"US",100,"US","M","FT"
"346",345,2022,"4","Data Engineer",156600,"USD",156600,"US",100,"US","M","FT"
"347",346,2022,"4","Data Engineer",108800,"USD",108800,"US",0,"US","M","FT"
"348",347,2022,"4","Data Scientist",95550,"USD",95550,"US",0,"US","M","FT"
"349",348,2022,"4","Data Engineer",113000,"USD",113000,"US",0,"US","L","FT"
"350",349,2022,"4","Data Analyst",135000,"USD",135000,"US",100,"US","M","FT"
"351",350,2022,"4","Data Science Manager",161342,"USD",161342,"US",100,"US","M","FT"
"352",351,2022,"4","Data Science Manager",137141,"USD",137141,"US",100,"US","M","FT"
"353",352,2022,"4","Data Scientist",167000,"USD",167000,"US",100,"US","M","FT"
"354",353,2022,"4","Data Scientist",123000,"USD",123000,"US",100,"US","M","FT"
"355",354,2022,"4","Data Engineer",60000,"GBP",78526,"GB",0,"GB","M","FT"
"356",355,2022,"4","Data Engineer",50000,"GBP",65438,"GB",0,"GB","M","FT"
"357",356,2022,"4","Data Scientist",150000,"USD",150000,"US",0,"US","M","FT"
"358",357,2022,"4","Data Scientist",211500,"USD",211500,"US",100,"US","M","FT"
"359",358,2022,"4","Data Architect",192400,"USD",192400,"CA",100,"CA","M","FT"
"360",359,2022,"4","Data Architect",90700,"USD",90700,"CA",100,"CA","M","FT"
"361",360,2022,"4","Data Analyst",130000,"USD",130000,"CA",100,"CA","M","FT"
"362",361,2022,"4","Data Analyst",61300,"USD",61300,"CA",100,"CA","M","FT"
"363",362,2022,"4","Data Analyst",130000,"USD",130000,"CA",100,"CA","M","FT"
"364",363,2022,"4","Data Analyst",61300,"USD",61300,"CA",100,"CA","M","FT"
"365",364,2022,"4","Data Engineer",160000,"USD",160000,"US",0,"US","L","FT"
"366",365,2022,"4","Data Scientist",138600,"USD",138600,"US",100,"US","M","FT"
"367",366,2022,"4","Data Engineer",136000,"USD",136000,"US",0,"US","M","FT"
"368",367,2022,"3","Data Analyst",58000,"USD",58000,"US",0,"US","S","FT"
"369",368,2022,"2","Analytics Engineer",135000,"USD",135000,"US",100,"US","M","FT"
"370",369,2022,"4","Data Scientist",170000,"USD",170000,"US",100,"US","M","FT"
"371",370,2022,"4","Data Scientist",123000,"USD",123000,"US",100,"US","M","FT"
"372",371,2022,"4","Machine Learning Engineer",189650,"USD",189650,"US",0,"US","M","FT"
"373",372,2022,"4","Machine Learning Engineer",164996,"USD",164996,"US",0,"US","M","FT"
"374",373,2022,"3","ETL Developer",50000,"EUR",54957,"GR",0,"GR","M","FT"
"375",374,2022,"3","ETL Developer",50000,"EUR",54957,"GR",0,"GR","M","FT"
"376",375,2022,"2","Lead Data Engineer",150000,"CAD",118187,"CA",100,"CA","S","FT"
"377",376,2022,"4","Data Analyst",132000,"USD",132000,"US",0,"US","M","FT"
"378",377,2022,"4","Data Engineer",165400,"USD",165400,"US",100,"US","M","FT"
"379",378,2022,"4","Data Architect",208775,"USD",208775,"US",100,"US","M","FT"
"380",379,2022,"4","Data Architect",147800,"USD",147800,"US",100,"US","M","FT"
"381",380,2022,"4","Data Engineer",136994,"USD",136994,"US",100,"US","M","FT"
"382",381,2022,"4","Data Engineer",101570,"USD",101570,"US",100,"US","M","FT"
"383",382,2022,"4","Data Analyst",128875,"USD",128875,"US",100,"US","M","FT"
"384",383,2022,"4","Data Analyst",93700,"USD",93700,"US",100,"US","M","FT"
"385",384,2022,"2","Head of Machine Learning",6000000,"INR",79039,"IN",50,"IN","L","FT"
"386",385,2022,"4","Data Engineer",132320,"USD",132320,"US",100,"US","M","FT"
"387",386,2022,"1","Machine Learning Engineer",28500,"GBP",37300,"GB",100,"GB","L","FT"
"388",387,2022,"4","Data Analyst",164000,"USD",164000,"US",0,"US","M","FT"
"389",388,2022,"4","Data Engineer",155000,"USD",155000,"US",100,"US","M","FT"
"390",389,2022,"3","Machine Learning Engineer",95000,"GBP",124333,"GB",0,"GB","M","FT"
"391",390,2022,"3","Machine Learning Engineer",75000,"GBP",98158,"GB",0,"GB","M","FT"
"392",391,2022,"3","AI Scientist",120000,"USD",120000,"US",0,"US","M","FT"
"393",392,2022,"4","Data Analyst",112900,"USD",112900,"US",100,"US","M","FT"
"394",393,2022,"4","Data Analyst",90320,"USD",90320,"US",100,"US","M","FT"
"395",394,2022,"4","Data Analytics Manager",145000,"USD",145000,"US",100,"US","M","FT"
"396",395,2022,"4","Data Analytics Manager",105400,"USD",105400,"US",100,"US","M","FT"
"397",396,2022,"3","Machine Learning Engineer",80000,"EUR",87932,"FR",100,"DE","M","FT"
"398",397,2022,"3","Data Engineer",90000,"GBP",117789,"GB",0,"GB","M","FT"
"399",398,2022,"4","Data Scientist",215300,"USD",215300,"US",100,"US","L","FT"
"400",399,2022,"4","Data Scientist",158200,"USD",158200,"US",100,"US","L","FT"
"401",400,2022,"4","Data Engineer",209100,"USD",209100,"US",100,"US","L","FT"
"402",401,2022,"4","Data Engineer",154600,"USD",154600,"US",100,"US","L","FT"
"403",402,2022,"4","Data Analyst",115934,"USD",115934,"US",0,"US","M","FT"
"404",403,2022,"4","Data Analyst",81666,"USD",81666,"US",0,"US","M","FT"
"405",404,2022,"4","Data Engineer",175000,"USD",175000,"US",100,"US","M","FT"
"406",405,2022,"3","Data Engineer",75000,"GBP",98158,"GB",0,"GB","M","FT"
"407",406,2022,"3","Data Analyst",58000,"USD",58000,"US",0,"US","S","FT"
"408",407,2022,"4","Data Engineer",183600,"USD",183600,"US",100,"US","L","FT"
"409",408,2022,"3","Data Analyst",40000,"GBP",52351,"GB",100,"GB","M","FT"
"410",409,2022,"4","Data Scientist",180000,"USD",180000,"US",100,"US","M","FT"
"411",410,2022,"3","Data Scientist",55000,"GBP",71982,"GB",0,"GB","M","FT"
"412",411,2022,"3","Data Scientist",35000,"GBP",45807,"GB",0,"GB","M","FT"
"413",412,2022,"3","Data Engineer",60000,"EUR",65949,"GR",100,"GR","M","FT"
"414",413,2022,"3","Data Engineer",45000,"EUR",49461,"GR",100,"GR","M","FT"
"415",414,2022,"3","Data Engineer",60000,"GBP",78526,"GB",100,"GB","M","FT"
"416",415,2022,"3","Data Engineer",45000,"GBP",58894,"GB",100,"GB","M","FT"
"417",416,2022,"4","Data Scientist",260000,"USD",260000,"US",100,"US","M","FT"
"418",417,2022,"4","Data Science Engineer",60000,"USD",60000,"AR",100,"MX","L","FT"
"419",418,2022,"3","Data Engineer",63900,"USD",63900,"US",0,"US","M","FT"
"420",419,2022,"3","Machine Learning Scientist",160000,"USD",160000,"US",100,"US","L","FT"
"421",420,2022,"3","Machine Learning Scientist",112300,"USD",112300,"US",100,"US","L","FT"
"422",421,2022,"3","Data Science Manager",241000,"USD",241000,"US",100,"US","M","FT"
"423",422,2022,"3","Data Science Manager",159000,"USD",159000,"US",100,"US","M","FT"
"424",423,2022,"4","Data Scientist",180000,"USD",180000,"US",0,"US","M","FT"
"425",424,2022,"4","Data Scientist",80000,"USD",80000,"US",0,"US","M","FT"
"426",425,2022,"3","Data Engineer",82900,"USD",82900,"US",0,"US","M","FT"
"427",426,2022,"4","Data Engineer",100800,"USD",100800,"US",100,"US","L","FT"
"428",427,2022,"3","Data Engineer",45000,"EUR",49461,"ES",100,"ES","M","FT"
"429",428,2022,"4","Data Scientist",140400,"USD",140400,"US",0,"US","L","FT"
"430",429,2022,"3","Data Analyst",30000,"GBP",39263,"GB",100,"GB","M","FT"
"431",430,2022,"3","Data Analyst",40000,"EUR",43966,"ES",100,"ES","M","FT"
"432",431,2022,"3","Data Analyst",30000,"EUR",32974,"ES",100,"ES","M","FT"
"433",432,2022,"3","Data Engineer",80000,"EUR",87932,"ES",100,"ES","M","FT"
"434",433,2022,"3","Data Engineer",70000,"EUR",76940,"ES",100,"ES","M","FT"
"435",434,2022,"3","Data Engineer",80000,"GBP",104702,"GB",100,"GB","M","FT"
"436",435,2022,"3","Data Engineer",70000,"GBP",91614,"GB",100,"GB","M","FT"
"437",436,2022,"3","Data Engineer",60000,"EUR",65949,"ES",100,"ES","M","FT"
"438",437,2022,"3","Data Engineer",80000,"EUR",87932,"GR",100,"GR","M","FT"
"439",438,2022,"4","Machine Learning Engineer",189650,"USD",189650,"US",0,"US","M","FT"
"440",439,2022,"4","Machine Learning Engineer",164996,"USD",164996,"US",0,"US","M","FT"
"441",440,2022,"3","Data Analyst",40000,"EUR",43966,"GR",100,"GR","M","FT"
"442",441,2022,"3","Data Analyst",30000,"EUR",32974,"GR",100,"GR","M","FT"
"443",442,2022,"3","Data Engineer",75000,"GBP",98158,"GB",100,"GB","M","FT"
"444",443,2022,"3","Data Engineer",60000,"GBP",78526,"GB",100,"GB","M","FT"
"445",444,2022,"4","Data Scientist",215300,"USD",215300,"US",0,"US","L","FT"
"446",445,2022,"3","Data Engineer",70000,"EUR",76940,"GR",100,"GR","M","FT"
"447",446,2022,"4","Data Engineer",209100,"USD",209100,"US",100,"US","L","FT"
"448",447,2022,"4","Data Engineer",154600,"USD",154600,"US",100,"US","L","FT"
"449",448,2022,"4","Data Engineer",180000,"USD",180000,"US",100,"US","M","FT"
"450",449,2022,"1","ML Engineer",20000,"EUR",21983,"PT",100,"PT","L","FT"
"451",450,2022,"4","Data Engineer",80000,"USD",80000,"US",100,"US","M","FT"
"452",451,2022,"3","Machine Learning Developer",100000,"CAD",78791,"CA",100,"CA","M","FT"
"453",452,2022,"2","Director of Data Science",250000,"CAD",196979,"CA",50,"CA","L","FT"
"454",453,2022,"3","Machine Learning Engineer",120000,"USD",120000,"US",100,"US","S","FT"
"455",454,2022,"1","Computer Vision Engineer",125000,"USD",125000,"US",0,"US","M","FT"
"456",455,2022,"3","NLP Engineer",240000,"CNY",37236,"US",50,"US","L","FT"
"457",456,2022,"4","Data Engineer",105000,"USD",105000,"US",100,"US","M","FT"
"458",457,2022,"4","Lead Machine Learning Engineer",80000,"EUR",87932,"DE",0,"DE","M","FT"
"459",458,2022,"3","Business Data Analyst",1400000,"INR",18442,"IN",100,"IN","M","FT"
"460",459,2022,"3","Data Scientist",2400000,"INR",31615,"IN",100,"IN","L","FT"
"461",460,2022,"3","Machine Learning Infrastructure Engineer",53000,"EUR",58255,"PT",50,"PT","L","FT"
"462",461,2022,"1","Financial Data Analyst",100000,"USD",100000,"US",50,"US","L","FT"
"463",462,2022,"3","Data Engineer",50000,"EUR",54957,"DE",50,"DE","L","PT"
"464",463,2022,"1","Data Scientist",1400000,"INR",18442,"IN",100,"IN","M","FT"
"465",464,2022,"4","Principal Data Scientist",148000,"EUR",162674,"DE",100,"DE","M","FT"
"466",465,2022,"1","Data Engineer",120000,"USD",120000,"US",100,"US","M","FT"
"467",466,2022,"4","Research Scientist",144000,"USD",144000,"US",50,"US","L","FT"
"468",467,2022,"4","Data Scientist",104890,"USD",104890,"US",100,"US","M","FT"
"469",468,2022,"4","Data Engineer",100000,"USD",100000,"US",100,"US","M","FT"
"470",469,2022,"4","Data Scientist",140000,"USD",140000,"US",100,"US","M","FT"
"471",470,2022,"3","Data Analyst",135000,"USD",135000,"US",100,"US","M","FT"
"472",471,2022,"3","Data Analyst",50000,"USD",50000,"US",100,"US","M","FT"
"473",472,2022,"4","Data Scientist",220000,"USD",220000,"US",100,"US","M","FT"
"474",473,2022,"4","Data Scientist",140000,"USD",140000,"US",100,"US","M","FT"
"475",474,2022,"3","Data Scientist",140000,"GBP",183228,"GB",0,"GB","M","FT"
"476",475,2022,"3","Data Scientist",70000,"GBP",91614,"GB",0,"GB","M","FT"
"477",476,2022,"4","Data Scientist",185100,"USD",185100,"US",100,"US","M","FT"
"478",477,2022,"4","Machine Learning Engineer",220000,"USD",220000,"US",100,"US","M","FT"
"479",478,2022,"3","Data Scientist",200000,"USD",200000,"US",100,"US","M","FT"
"480",479,2022,"3","Data Scientist",120000,"USD",120000,"US",100,"US","M","FT"
"481",480,2022,"4","Machine Learning Engineer",120000,"USD",120000,"AE",100,"AE","S","FT"
"482",481,2022,"4","Machine Learning Engineer",65000,"USD",65000,"AE",100,"AE","S","FT"
"483",482,2022,"2","Data Engineer",324000,"USD",324000,"US",100,"US","M","FT"
"484",483,2022,"2","Data Engineer",216000,"USD",216000,"US",100,"US","M","FT"
"485",484,2022,"4","Data Engineer",210000,"USD",210000,"US",100,"US","M","FT"
"486",485,2022,"4","Machine Learning Engineer",120000,"USD",120000,"US",100,"US","M","FT"
"487",486,2022,"4","Data Scientist",230000,"USD",230000,"US",100,"US","M","FT"
"488",487,2022,"1","Data Scientist",100000,"USD",100000,"DZ",50,"DZ","M","PT"
"489",488,2022,"3","Data Scientist",100000,"USD",100000,"CA",100,"US","M","FL"
"490",489,2022,"1","Applied Machine Learning Scientist",29000,"EUR",31875,"TN",100,"CZ","M","CT"
"491",490,2022,"4","Head of Data",200000,"USD",200000,"MY",100,"US","M","FT"
"492",491,2022,"3","Principal Data Analyst",75000,"USD",75000,"CA",100,"CA","S","FT"
"493",492,2022,"3","Data Scientist",150000,"PLN",35590,"PL",100,"PL","L","FT"
"494",493,2022,"4","Machine Learning Developer",100000,"CAD",78791,"CA",100,"CA","M","FT"
"495",494,2022,"4","Data Scientist",100000,"USD",100000,"BR",100,"US","M","FT"
"496",495,2022,"3","Machine Learning Scientist",153000,"USD",153000,"US",50,"US","M","FT"
"497",496,2022,"1","Data Engineer",52800,"EUR",58035,"PK",100,"DE","M","FT"
"498",497,2022,"4","Data Scientist",165000,"USD",165000,"US",100,"US","M","FT"
"499",498,2022,"4","Research Scientist",85000,"EUR",93427,"FR",50,"FR","L","FT"
"500",499,2022,"1","Data Scientist",66500,"CAD",52396,"CA",100,"CA","L","FT"
"501",500,2022,"4","Machine Learning Engineer",57000,"EUR",62651,"NL",100,"NL","L","FT"
"502",501,2022,"3","Head of Data",30000,"EUR",32974,"EE",100,"EE","S","FT"
"503",502,2022,"1","Data Scientist",40000,"USD",40000,"JP",100,"MY","L","FT"
"504",503,2022,"3","Machine Learning Engineer",121000,"AUD",87425,"AU",100,"AU","L","FT"
"505",504,2022,"4","Data Engineer",115000,"USD",115000,"US",100,"US","M","FT"
"506",505,2022,"1","Data Scientist",120000,"AUD",86703,"AU",50,"AU","M","FT"
"507",506,2022,"3","Applied Machine Learning Scientist",75000,"USD",75000,"BO",100,"US","L","FT"
"508",507,2022,"3","Research Scientist",59000,"EUR",64849,"AT",0,"AT","L","FT"
"509",508,2022,"1","Research Scientist",120000,"USD",120000,"US",100,"US","L","FT"
"510",509,2022,"3","Applied Data Scientist",157000,"USD",157000,"US",100,"US","L","FT"
"511",510,2022,"1","Computer Vision Software Engineer",150000,"USD",150000,"AU",100,"AU","S","FT"
"512",511,2022,"3","Business Data Analyst",90000,"CAD",70912,"CA",50,"CA","L","FT"
"513",512,2022,"1","Data Engineer",65000,"USD",65000,"US",100,"US","S","FT"
"514",513,2022,"4","Machine Learning Engineer",65000,"EUR",71444,"IE",100,"IE","S","FT"
"515",514,2022,"1","Data Analytics Engineer",20000,"USD",20000,"PK",0,"PK","M","FT"
"516",515,2022,"3","Data Scientist",48000,"USD",48000,"RU",100,"US","S","FT"
"517",516,2022,"4","Data Science Manager",152500,"USD",152500,"US",100,"US","M","FT"
"518",517,2022,"3","Data Engineer",62000,"EUR",68147,"FR",100,"FR","M","FT"
"519",518,2022,"3","Data Scientist",115000,"CHF",122346,"CH",0,"CH","L","FT"
"520",519,2022,"4","Applied Data Scientist",380000,"USD",380000,"US",100,"US","L","FT"
"521",520,2022,"3","Data Scientist",88000,"CAD",69336,"CA",100,"CA","M","FT"
"522",521,2022,"1","Computer Vision Engineer",10000,"USD",10000,"PT",100,"LU","M","FT"
"523",522,2022,"3","Data Analyst",20000,"USD",20000,"GR",100,"GR","S","FT"
"524",523,2022,"4","Data Analytics Lead",405000,"USD",405000,"US",100,"US","L","FT"
"525",524,2022,"3","Data Scientist",135000,"USD",135000,"US",100,"US","L","FT"
"526",525,2022,"4","Applied Data Scientist",177000,"USD",177000,"US",100,"US","L","FT"
"527",526,2022,"3","Data Scientist",78000,"USD",78000,"US",100,"US","M","FT"
"528",527,2022,"4","Data Analyst",135000,"USD",135000,"US",100,"US","M","FT"
"529",528,2022,"4","Data Analyst",100000,"USD",100000,"US",100,"US","M","FT"
"530",529,2022,"4","Data Analyst",90320,"USD",90320,"US",100,"US","M","FT"
"531",530,2022,"3","Data Analyst",85000,"USD",85000,"CA",0,"CA","M","FT"
"532",531,2022,"3","Data Analyst",75000,"USD",75000,"CA",0,"CA","M","FT"
"533",532,2022,"4","Machine Learning Engineer",214000,"USD",214000,"US",100,"US","M","FT"
"534",533,2022,"4","Machine Learning Engineer",192600,"USD",192600,"US",100,"US","M","FT"
"535",534,2022,"4","Data Architect",266400,"USD",266400,"US",100,"US","M","FT"
"536",535,2022,"4","Data Architect",213120,"USD",213120,"US",100,"US","M","FT"
"537",536,2022,"4","Data Analyst",112900,"USD",112900,"US",100,"US","M","FT"
"538",537,2022,"4","Data Engineer",155000,"USD",155000,"US",100,"US","M","FT"
"539",538,2022,"3","Data Scientist",141300,"USD",141300,"US",0,"US","M","FT"
"540",539,2022,"3","Data Scientist",102100,"USD",102100,"US",0,"US","M","FT"
"541",540,2022,"4","Data Analyst",115934,"USD",115934,"US",100,"US","M","FT"
"542",541,2022,"4","Data Analyst",81666,"USD",81666,"US",100,"US","M","FT"
"543",542,2022,"3","Data Engineer",206699,"USD",206699,"US",0,"US","M","FT"
"544",543,2022,"3","Data Engineer",99100,"USD",99100,"US",0,"US","M","FT"
"545",544,2022,"4","Data Engineer",130000,"USD",130000,"US",100,"US","M","FT"
"546",545,2022,"4","Data Engineer",115000,"USD",115000,"US",100,"US","M","FT"
"547",546,2022,"4","Data Engineer",110500,"USD",110500,"US",100,"US","M","FT"
"548",547,2022,"4","Data Engineer",130000,"USD",130000,"US",100,"US","M","FT"
"549",548,2022,"4","Data Analyst",99050,"USD",99050,"US",100,"US","M","FT"
"550",549,2022,"4","Data Engineer",160000,"USD",160000,"US",100,"US","M","FT"
"551",550,2022,"4","Data Scientist",205300,"USD",205300,"US",0,"US","L","FT"
"552",551,2022,"4","Data Scientist",140400,"USD",140400,"US",0,"US","L","FT"
"553",552,2022,"4","Data Scientist",176000,"USD",176000,"US",100,"US","M","FT"
"554",553,2022,"4","Data Scientist",144000,"USD",144000,"US",100,"US","M","FT"
"555",554,2022,"4","Data Engineer",200100,"USD",200100,"US",100,"US","M","FT"
"556",555,2022,"4","Data Engineer",160000,"USD",160000,"US",100,"US","M","FT"
"557",556,2022,"4","Data Engineer",145000,"USD",145000,"US",100,"US","M","FT"
"558",557,2022,"4","Data Engineer",70500,"USD",70500,"US",0,"US","M","FT"
"559",558,2022,"4","Data Scientist",205300,"USD",205300,"US",0,"US","M","FT"
"560",559,2022,"4","Data Scientist",140400,"USD",140400,"US",0,"US","M","FT"
"561",560,2022,"4","Analytics Engineer",205300,"USD",205300,"US",0,"US","M","FT"
"562",561,2022,"4","Analytics Engineer",184700,"USD",184700,"US",0,"US","M","FT"
"563",562,2022,"4","Data Engineer",175100,"USD",175100,"US",100,"US","M","FT"
"564",563,2022,"4","Data Engineer",140250,"USD",140250,"US",100,"US","M","FT"
"565",564,2022,"4","Data Analyst",116150,"USD",116150,"US",100,"US","M","FT"
"566",565,2022,"4","Data Engineer",54000,"USD",54000,"US",0,"US","M","FT"
"567",566,2022,"4","Data Analyst",170000,"USD",170000,"US",100,"US","M","FT"
"568",567,2022,"3","Data Analyst",50000,"GBP",65438,"GB",0,"GB","M","FT"
"569",568,2022,"4","Data Analyst",80000,"USD",80000,"US",100,"US","M","FT"
"570",569,2022,"4","Data Scientist",140000,"USD",140000,"US",100,"US","M","FT"
"571",570,2022,"4","Data Scientist",210000,"USD",210000,"US",100,"US","M","FT"
"572",571,2022,"4","Data Scientist",140000,"USD",140000,"US",100,"US","M","FT"
"573",572,2022,"4","Data Analyst",100000,"USD",100000,"US",100,"US","M","FT"
"574",573,2022,"4","Data Analyst",69000,"USD",69000,"US",100,"US","M","FT"
"575",574,2022,"4","Data Scientist",210000,"USD",210000,"US",100,"US","M","FT"
"576",575,2022,"4","Data Scientist",140000,"USD",140000,"US",100,"US","M","FT"
"577",576,2022,"4","Data Scientist",210000,"USD",210000,"US",100,"US","M","FT"
"578",577,2022,"4","Data Analyst",150075,"USD",150075,"US",100,"US","M","FT"
"579",578,2022,"4","Data Engineer",100000,"USD",100000,"US",100,"US","M","FT"
"580",579,2022,"4","Data Engineer",25000,"USD",25000,"US",100,"US","M","FT"
"581",580,2022,"4","Data Analyst",126500,"USD",126500,"US",100,"US","M","FT"
"582",581,2022,"4","Data Analyst",106260,"USD",106260,"US",100,"US","M","FT"
"583",582,2022,"4","Data Engineer",220110,"USD",220110,"US",100,"US","M","FT"
"584",583,2022,"4","Data Engineer",160080,"USD",160080,"US",100,"US","M","FT"
"585",584,2022,"4","Data Analyst",105000,"USD",105000,"US",100,"US","M","FT"
"586",585,2022,"4","Data Analyst",110925,"USD",110925,"US",100,"US","M","FT"
"587",586,2022,"3","Data Analyst",35000,"GBP",45807,"GB",0,"GB","M","FT"
"588",587,2022,"4","Data Scientist",140000,"USD",140000,"US",100,"US","M","FT"
"589",588,2022,"4","Data Analyst",99000,"USD",99000,"US",0,"US","M","FT"
"590",589,2022,"4","Data Analyst",60000,"USD",60000,"US",100,"US","M","FT"
"591",590,2022,"4","Data Architect",192564,"USD",192564,"US",100,"US","M","FT"
"592",591,2022,"4","Data Architect",144854,"USD",144854,"US",100,"US","M","FT"
"593",592,2022,"4","Data Scientist",230000,"USD",230000,"US",100,"US","M","FT"
"594",593,2022,"4","Data Scientist",150000,"USD",150000,"US",100,"US","M","FT"
"595",594,2022,"4","Data Analytics Manager",150260,"USD",150260,"US",100,"US","M","FT"
"596",595,2022,"4","Data Analytics Manager",109280,"USD",109280,"US",100,"US","M","FT"
"597",596,2022,"4","Data Scientist",210000,"USD",210000,"US",100,"US","M","FT"
"598",597,2022,"4","Data Analyst",170000,"USD",170000,"US",100,"US","M","FT"
"599",598,2022,"3","Data Scientist",160000,"USD",160000,"US",100,"US","M","FT"
"600",599,2022,"3","Data Scientist",130000,"USD",130000,"US",100,"US","M","FT"
"601",600,2022,"1","Data Analyst",67000,"USD",67000,"CA",0,"CA","M","FT"
"602",601,2022,"1","Data Analyst",52000,"USD",52000,"CA",0,"CA","M","FT"
"603",602,2022,"4","Data Engineer",154000,"USD",154000,"US",100,"US","M","FT"
"604",603,2022,"4","Data Engineer",126000,"USD",126000,"US",100,"US","M","FT"
"605",604,2022,"4","Data Analyst",129000,"USD",129000,"US",0,"US","M","FT"
"606",605,2022,"4","Data Analyst",150000,"USD",150000,"US",100,"US","M","FT"
"607",606,2022,"3","AI Scientist",200000,"USD",200000,"IN",100,"US","L","FT"
